feature,importance
muac_mm,0.5715722869313734
appetite,0.23757225207549323
danger_signs,0.12864739459181485
edema,0.0370964141302497
age_months,0.022882908989324095
sex,0.002228743281744789
